{
    "configurations": [
        {
            "name": "Win32",
            "intelliSenseMode": "clang-x64",
            "compilerPath": "C:/MinGW/bin/g++.exe",
            "includePath": [
                "${workspaceFolder}",
                "C:\\MinGW\\include",
                "C:\\MinGW\\lib\\gcc\\mingw32\\6.3.0\\include",
                "C:\\MinGW\\lib\\gcc\\mingw32\\6.3.0\\include\\c++",
                "C:\\MinGW\\lib\\gcc\\mingw32\\6.3.0\\include\\c++\\mingw32",
                "C:\\MinGW\\lib\\gcc\\mingw32\\6.3.0\\include\\c++\\backwoard",
                "C:\\MinGW\\lib\\gcc\\mingw32\\6.3.0\\include\\c++\\tr1"
            ],
            "defines": [],
            "browse": {
                "path": [
                    "${workspaceFolder}"
                ],
                "limitSymbolsToIncludedHeaders": true,
                "databaseFilename": ""
            },
            "cStandard": "c11",
            "cppStandard": "c++17",
            "configurationProvider": "vector-of-bool.cmake-tools"
        }
    ],
    "version": 4
}