{
    // 使用 IntelliSense 了解相关属性。 
    // 悬停以查看现有属性的描述。
    // 欲了解更多信息，请访问: https://go.microsoft.com/fwlink/?linkid=830387
    "version": "0.2.0",
    "configurations": [
        {
            "name": "C Launch (Windows)",
            "type": "cppdbg",
            "request": "launch",
            //"program": "${fileDirname}/debug/${fileBasenameNoExtension}.exe",
            "program": "${command:cmake.launchTargetPath}",
            "args": ["./Sales_total.txt","./Sales_out.txt"],
            "stopAtEntry": false,
            "cwd": "${workspaceFolder}",
            "environment": [],
            "externalConsole": true,
            "MIMode": "gdb",
            "miDebuggerPath": "C:/MinGW/bin/gdb.exe",
            //"preLaunchTask": "build task",
            "setupCommands": [
                {
                    "description": "Enable pretty-printing for gdb",
                    "text": "-enable-pretty-printing",
                    "ignoreFailures": true
                }
            ]
        }
    ]
}